{"cameraMode":{"drawMode":0,"name":"Shaded","section":"Shading Mode"},"sceneLighting":false,"audioPlay":false,"sceneViewState":{"showFog":true,"showMaterialUpdate":false,"showSkybox":true,"showFlares":true,"showImageEffects":true,"showParticleSystems":true},"in2DMode":false,"pivot":{"x":511.6629943847656,"y":242.22857666015626,"z":174.6656494140625},"rotation":{"x":-0.3492788076400757,"y":-0.030636373907327653,"z":0.011426658369600773,"w":-0.9364497661590576},"size":3502.6572265625,"orthographic":false}